{
    "display": {
        "icon": {
            "item": "minecraft:skeleton_skull"
        },
        "title": "Mobs                                                                         ",
        "description": [
          "",
          {
              "text": "Mobs collection of my datapacks\n",
              "color": "white"
          },
          {
            "text": "\n",
            "color": "white"
          },
          {
              "text": "modrinth.com/collection/7IrgVqoQ",
              "color": "dark_purple"
          }
      ],
        "frame": "goal",
        "show_toast": false,
        "announce_to_chat": false
    },
    "parent": "jodek:root",
    "criteria": {
        "tick": {
            "trigger": "minecraft:tick"
        }
    }
  }